runNo,rangeNo,entryNo19,stage,trt,biomass_g_mSq
1,1,22,Z31,Hi,477.15
1,1,22,Z65,Hi,1192.2
1,3,11,Z31,Hi,374.05
1,3,11,Z65,Hi,1106.4
1,5,6,Z31,Hi,380.6
1,5,6,Z65,Hi,982.4
1,7,2,Z31,Hi,309.27
1,7,2,Z65,Hi,1057.4
1,9,8,Z31,Hi,303.53
1,9,8,Z65,Hi,931.4
1,11,14,Z31,Hi,410.57
1,11,14,Z65,Hi,1265.6
1,13,11,Z31,Lo,204.15
1,13,11,Z65,Lo,636.8
1,14,1,Z31,Lo,202.87
1,14,1,Z65,Lo,810.8
1,15,12,Z31,Lo,256.3
1,15,12,Z65,Lo,730.2
1,16,17,Z31,Lo,256.22
1,16,17,Z65,Lo,1069.4
1,17,23,Z31,Lo,394.2
1,17,23,Z65,Lo,894.8
1,18,9,Z31,Lo,196.74
1,18,9,Z65,Lo,799.6
2,1,8,Z31,Hi,264.73
2,1,8,Z65,Hi,951
2,3,19,Z31,Hi,406.17
2,3,19,Z65,Hi,1221
2,5,18,Z31,Hi,390.9
2,5,18,Z65,Hi,1008.8
2,7,22,Z31,Hi,383.73
2,7,22,Z65,Hi,1126.8
2,9,10,Z31,Hi,360.19
2,9,10,Z65,Hi,995
2,11,2,Z31,Hi,284.64
2,11,2,Z65,Hi,955
2,13,14,Z31,Lo,274.64
2,13,14,Z65,Lo,1085
2,14,23,Z31,Lo,293.43
2,14,23,Z65,Lo,1034.6
2,15,2,Z31,Lo,172.6
2,15,2,Z65,Lo,838.6
2,16,5,Z31,Lo,224.95
2,16,5,Z65,Lo,785.4
2,17,16,Z31,Lo,277.65
2,17,16,Z65,Lo,941.2
2,18,13,Z31,Lo,276.52
2,18,13,Z65,Lo,1159.8
3,1,7,Z31,Hi,345.87
3,1,7,Z65,Hi,1144.8
3,3,10,Z31,Hi,420.18
3,3,10,Z65,Hi,1134
3,5,24,Z31,Hi,424.64
3,5,24,Z65,Hi,1163.4
3,7,21,Z31,Hi,467.7
3,7,21,Z65,Hi,1171.8
3,9,23,Z31,Hi,506.07
3,9,23,Z65,Hi,1341.8
3,11,16,Z31,Hi,420.09
3,11,16,Z65,Hi,1171.4
3,13,10,Z31,Lo,251.99
3,13,10,Z65,Lo,644.8
3,14,2,Z31,Lo,197.72
3,14,2,Z65,Lo,731
3,15,18,Z31,Lo,284.96
3,15,18,Z65,Lo,888.4
3,16,13,Z31,Lo,300.35
3,16,13,Z65,Lo,1172
3,17,17,Z31,Lo,212.23
3,17,17,Z65,Lo,1088.2
3,18,21,Z31,Lo,307.98
3,18,21,Z65,Lo,819.2
4,1,6,Z31,Hi,411.9
4,1,6,Z65,Hi,1048.6
4,3,16,Z31,Hi,374.51
4,3,16,Z65,Hi,1116.4
4,5,15,Z31,Hi,432.09
4,5,15,Z65,Hi,1098.4
4,7,25,Z31,Hi,419.71
4,7,25,Z65,Hi,1239
4,9,21,Z31,Hi,471.09
4,9,21,Z65,Hi,1225.2
4,11,19,Z31,Hi,444.38
4,11,19,Z65,Hi,1178.4
4,13,24,Z31,Lo,241.04
4,13,24,Z65,Lo,1095.2
4,14,26,Z31,Lo,232.97
4,14,26,Z65,Lo,922.4
4,15,21,Z31,Lo,269.84
4,15,21,Z65,Lo,1091
4,16,20,Z31,Lo,275.43
4,16,20,Z65,Lo,1210.6
4,17,6,Z31,Lo,209
4,17,6,Z65,Lo,778.4
4,18,12,Z31,Lo,222.45
4,18,12,Z65,Lo,955.8
5,1,9,Z31,Hi,357.01
5,1,9,Z65,Hi,1065
5,3,12,Z31,Hi,438.72
5,3,12,Z65,Hi,1145.8
5,5,17,Z31,Hi,399.36
5,5,17,Z65,Hi,1094
5,7,23,Z31,Hi,469.57
5,7,23,Z65,Hi,1093
5,9,20,Z31,Hi,444.04
5,9,20,Z65,Hi,1281.8
5,11,4,Z31,Hi,320.57
5,11,4,Z65,Hi,1086.8
5,13,6,Z31,Lo,236.81
5,13,6,Z65,Lo,885.2
5,14,18,Z31,Lo,238.33
5,14,18,Z65,Lo,729.4
5,15,19,Z31,Lo,268.98
5,15,19,Z65,Lo,909.6
5,16,25,Z31,Lo,249.37
5,16,25,Z65,Lo,963.2
5,17,1,Z31,Lo,203.98
5,17,1,Z65,Lo,831.2
5,18,20,Z31,Lo,264.81
5,18,20,Z65,Lo,789
6,1,17,Z31,Hi,416.52
6,1,17,Z65,Hi,1216.2
6,3,18,Z31,Hi,396.5
6,3,18,Z65,Hi,1165.8
6,5,26,Z31,Hi,344.31
6,5,26,Z65,Hi,1062.2
6,7,9,Z31,Hi,309.11
6,7,9,Z65,Hi,1033.6
6,9,1,Z31,Hi,314.71
6,9,1,Z65,Hi,1129.4
6,11,3,Z31,Hi,274.27
6,11,3,Z65,Hi,1080.6
6,13,22,Z31,Lo,275.28
6,13,22,Z65,Lo,1013.4
6,14,25,Z31,Lo,216.46
6,14,25,Z65,Lo,945
6,15,26,Z31,Lo,199.53
6,15,26,Z65,Lo,596.4
6,16,8,Z31,Lo,143.15
6,16,8,Z65,Lo,725
6,17,10,Z31,Lo,221.45
6,17,10,Z65,Lo,891.4
6,18,3,Z31,Lo,149.78
6,18,3,Z65,Lo,635.2
7,1,13,Z31,Hi,461.16
7,1,13,Z65,Hi,1152.4
7,3,1,Z31,Hi,350.64
7,3,1,Z65,Hi,1204
7,5,4,Z31,Hi,328.19
7,5,4,Z65,Hi,1114
7,7,5,Z31,Hi,359.7
7,7,5,Z65,Hi,1041.2
7,9,11,Z31,Hi,356.36
7,9,11,Z65,Hi,1173.6
7,11,26,Z31,Hi,461.72
7,11,26,Z65,Hi,1274
7,13,4,Z31,Lo,220.67
7,13,4,Z65,Lo,768.8
7,14,19,Z31,Lo,310.06
7,14,19,Z65,Lo,936.4
7,15,15,Z31,Lo,327.78
7,15,15,Z65,Lo,1048.2
7,16,3,Z31,Lo,185.83
7,16,3,Z65,Lo,759.4
7,17,22,Z31,Lo,335.34
7,17,22,Z65,Lo,1146.6
7,18,7,Z31,Lo,224.68
7,18,7,Z65,Lo,945
8,1,26,Z31,Hi,414.74
8,1,26,Z65,Hi,1102.8
8,3,21,Z31,Hi,491.05
8,3,21,Z65,Hi,1240
8,5,1,Z31,Hi,336.63
8,5,1,Z65,Hi,1072.4
8,7,16,Z31,Hi,376.51
8,7,16,Z65,Hi,1233
8,9,17,Z31,Hi,410.06
8,9,17,Z65,Hi,1175.6
8,11,5,Z31,Hi,316.62
8,11,5,Z65,Hi,1099
8,13,17,Z31,Lo,239.11
8,13,17,Z65,Lo,999.2
8,14,3,Z31,Lo,159.71
8,14,3,Z65,Lo,842.8
8,15,14,Z31,Lo,257.61
8,15,14,Z65,Lo,1023.4
8,16,6,Z31,Lo,221.48
8,16,6,Z65,Lo,896.8
8,17,15,Z31,Lo,206.3
8,17,15,Z65,Lo,1048.6
8,18,25,Z31,Lo,240.47
8,18,25,Z65,Lo,1169.6
9,1,20,Z31,Hi,460.68
9,1,20,Z65,Hi,1088.8
9,3,5,Z31,Hi,323.82
9,3,5,Z65,Hi,1140.6
9,5,8,Z31,Hi,287.12
9,5,8,Z65,Hi,1096.8
9,7,13,Z31,Hi,440.63
9,7,13,Z65,Hi,1206.2
9,9,25,Z31,Hi,459.9
9,9,25,Z65,Hi,1317.6
9,11,18,Z31,Hi,400.18
9,11,18,Z65,Hi,1119.6
9,13,7,Z31,Lo,207.98
9,13,7,Z65,Lo,636.8
9,14,21,Z31,Lo,287.16
9,14,21,Z65,Lo,835.2
9,15,1,Z31,Lo,201.13
9,15,1,Z65,Lo,712
9,16,4,Z31,Lo,148.98
9,16,4,Z65,Lo,643
9,17,8,Z31,Lo,156.18
9,17,8,Z65,Lo,722.2
9,18,14,Z31,Lo,238.85
9,18,14,Z65,Lo,919.8
10,1,14,Z31,Hi,423.45
10,1,14,Z65,Hi,1176.6
10,3,25,Z31,Hi,460.02
10,3,25,Z65,Hi,1271.8
10,5,20,Z31,Hi,443.54
10,5,20,Z65,Hi,1179.6
10,7,10,Z31,Hi,336.57
10,7,10,Z65,Hi,1126
10,9,6,Z31,Hi,351.74
10,9,6,Z65,Hi,1041.8
10,11,13,Z31,Hi,434.03
10,11,13,Z65,Hi,1240.8
10,13,20,Z31,Lo,246.81
10,13,20,Z65,Lo,1015.4
10,14,16,Z31,Lo,279.31
10,14,16,Z65,Lo,886.6
10,15,7,Z31,Lo,160
10,15,7,Z65,Lo,775.8
10,16,11,Z31,Lo,184.98
10,16,11,Z65,Lo,958.4
10,17,5,Z31,Lo,220.98
10,17,5,Z65,Lo,805.4
10,18,19,Z31,Lo,236.32
10,18,19,Z65,Lo,1106.6
11,1,15,Z31,Hi,431.18
11,1,15,Z65,Hi,1279.4
11,3,4,Z31,Hi,347.17
11,3,4,Z65,Hi,1091.2
11,5,12,Z31,Hi,346.41
11,5,12,Z65,Hi,1129
11,7,14,Z31,Hi,440.13
11,7,14,Z65,Hi,1204.4
11,9,24,Z31,Hi,398.12
11,9,24,Z65,Hi,1140.4
11,11,9,Z31,Hi,338.81
11,11,9,Z65,Hi,1002.2
11,13,5,Z31,Lo,219.25
11,13,5,Z65,Lo,797
11,14,12,Z31,Lo,224.93
11,14,12,Z65,Lo,963.2
11,15,9,Z31,Lo,203.33
11,15,9,Z65,Lo,915.8
11,16,22,Z31,Lo,252.16
11,16,22,Z65,Lo,1117.8
11,17,18,Z31,Lo,350.86
11,17,18,Z65,Lo,841.8
11,18,24,Z31,Lo,299.12
11,18,24,Z65,Lo,1029.2
12,1,23,Z31,Hi,495.02
12,1,23,Z65,Hi,1320.6
12,3,2,Z31,Hi,293.82
12,3,2,Z65,Hi,1012.2
12,5,3,Z31,Hi,283.5
12,5,3,Z65,Hi,1019
12,7,11,Z31,Hi,336.64
12,7,11,Z65,Hi,1021.8
12,9,12,Z31,Hi,357.87
12,9,12,Z65,Hi,1102.2
12,11,7,Z31,Hi,316.33
12,11,7,Z65,Hi,1093.4
12,13,9,Z31,Lo,164.13
12,13,9,Z65,Lo,902.2
12,14,8,Z31,Lo,166.61
12,14,8,Z65,Lo,719.2
12,15,16,Z31,Lo,237.15
12,15,16,Z65,Lo,922
12,16,24,Z31,Lo,232.33
12,16,24,Z65,Lo,1037
12,17,11,Z31,Lo,171.59
12,17,11,Z65,Lo,799.6
12,18,2,Z31,Lo,178.26
12,18,2,Z65,Lo,941.4
13,1,3,Z31,Hi,316.98
13,1,3,Z65,Hi,1133.2
13,3,24,Z31,Hi,376.44
13,3,24,Z65,Hi,1078.6
13,5,19,Z31,Hi,383.17
13,5,19,Z65,Hi,1215.2
13,7,7,Z31,Hi,322.85
13,7,7,Z65,Hi,1106.2
13,9,22,Z31,Hi,335.98
13,9,22,Z65,Hi,1056.2
13,11,15,Z31,Hi,362.78
13,11,15,Z65,Hi,1177.2
13,13,15,Z31,Lo,274.87
13,13,15,Z65,Lo,941.6
13,14,13,Z31,Lo,274.19
13,14,13,Z65,Lo,568
13,15,10,Z31,Lo,221.23
13,15,10,Z65,Lo,798.4
13,16,23,Z31,Lo,337.12
13,16,23,Z65,Lo,1098.4
13,17,26,Z31,Lo,258.7
13,17,26,Z65,Lo,853
13,18,4,Z31,Lo,151.4
13,18,4,Z65,Lo,686
