plot,source_laz,runNo,rangeNo,entryNo19,stage,trt,biomass_g_mSq
plot(1),plots/plot(1)__1-1-1-b.laz,1,1,22,Z65,Hi,1192.2
plot(2),plots/plot(2)__1-3-1-b.laz,1,3,11,Z65,Hi,1106.4
plot(3),plots/plot(3)__1-5-1-b.laz,1,5,6,Z65,Hi,982.4
plot(4),plots/plot(4)__1-7-1-b.laz,1,7,2,Z65,Hi,1057.4
plot(5),plots/plot(5)__1-9-1-b.laz,1,9,8,Z65,Hi,931.4
plot(6),plots/plot(6)__1-11-1-b.laz,1,11,14,Z65,Hi,1265.6
plot(7),plots/plot(7)__1-13-1-b.laz,1,13,11,Z65,Lo,636.8
plot(8),plots/plot(8)__1-14-1-b.laz,1,14,1,Z65,Lo,810.8
plot(9),plots/plot(9)__1-15-1-b.laz,1,15,12,Z65,Lo,730.2
plot(10),plots/plot(10)__1-16-1-b.laz,1,16,17,Z65,Lo,1069.4
plot(11),plots/plot(11)__1-17-1-b.laz,1,17,23,Z65,Lo,894.8
plot(12),plots/plot(12)__1-18-1-b.laz,1,18,9,Z65,Lo,799.6
plot(13),plots/plot(13)__2-1-1-b.laz,2,1,8,Z65,Hi,951
plot(14),plots/plot(14)__2-3-1-b.laz,2,3,19,Z65,Hi,1221
plot(15),plots/plot(15)__2-5-1-b.laz,2,5,18,Z65,Hi,1008.8
plot(16),plots/plot(16)__2-7-1-b.laz,2,7,22,Z65,Hi,1126.8
plot(17),plots/plot(17)__2-9-1-b.laz,2,9,10,Z65,Hi,995
plot(18),plots/plot(18)__2-11-1-b.laz,2,11,2,Z65,Hi,955
plot(19),plots/plot(19)__2-13-1-b.laz,2,13,14,Z65,Lo,1085
plot(20),plots/plot(20)__2-14-1-b.laz,2,14,23,Z65,Lo,1034.6
plot(21),plots/plot(21)__2-15-1-b.laz,2,15,2,Z65,Lo,838.6
plot(22),plots/plot(22)__2-16-1-b.laz,2,16,5,Z65,Lo,785.4
plot(23),plots/plot(23)__2-17-1-b.laz,2,17,16,Z65,Lo,941.2
plot(24),plots/plot(24)__2-18-1-b.laz,2,18,13,Z65,Lo,1159.8
plot(25),plots/plot(25)__3-1-1-b.laz,3,1,7,Z65,Hi,1144.8
plot(26),plots/plot(26)__3-3-1-b.laz,3,3,10,Z65,Hi,1134
plot(27),plots/plot(27)__3-5-1-b.laz,3,5,24,Z65,Hi,1163.4
plot(28),plots/plot(28)__3-7-1-b.laz,3,7,21,Z65,Hi,1171.8
plot(29),plots/plot(29)__3-9-1-b.laz,3,9,23,Z65,Hi,1341.8
plot(30),plots/plot(30)__3-11-1-b.laz,3,11,16,Z65,Hi,1171.4
plot(31),plots/plot(31)__3-13-1-b.laz,3,13,10,Z65,Lo,644.8
plot(32),plots/plot(32)__3-14-1-b.laz,3,14,2,Z65,Lo,731
plot(33),plots/plot(33)__3-15-1-b.laz,3,15,18,Z65,Lo,888.4
plot(34),plots/plot(34)__3-16-1-b.laz,3,16,13,Z65,Lo,1172
plot(35),plots/plot(35)__3-17-1-b.laz,3,17,17,Z65,Lo,1088.2
plot(36),plots/plot(36)__3-18-1-b.laz,3,18,21,Z65,Lo,819.2
plot(37),plots/plot(37)__4-1-1-b.laz,4,1,6,Z65,Hi,1048.6
plot(38),plots/plot(38)__4-3-1-b.laz,4,3,16,Z65,Hi,1116.4
plot(39),plots/plot(39)__4-5-1-b.laz,4,5,15,Z65,Hi,1098.4
plot(40),plots/plot(40)__4-7-1-b.laz,4,7,25,Z65,Hi,1239
plot(41),plots/plot(41)__4-9-1-b.laz,4,9,21,Z65,Hi,1225.2
plot(42),plots/plot(42)__4-11-1-b.laz,4,11,19,Z65,Hi,1178.4
plot(43),plots/plot(43)__4-13-1-b.laz,4,13,24,Z65,Lo,1095.2
plot(44),plots/plot(44)__4-14-1-b.laz,4,14,26,Z65,Lo,922.4
plot(45),plots/plot(45)__4-15-1-b.laz,4,15,21,Z65,Lo,1091
plot(46),plots/plot(46)__4-16-1-b.laz,4,16,20,Z65,Lo,1210.6
plot(47),plots/plot(47)__4-17-1-b.laz,4,17,6,Z65,Lo,778.4
plot(48),plots/plot(48)__4-18-1-b.laz,4,18,12,Z65,Lo,955.8
plot(49),plots/plot(49)__5-1-1-b.laz,5,1,9,Z65,Hi,1065
plot(50),plots/plot(50)__5-3-1-b.laz,5,3,12,Z65,Hi,1145.8
plot(51),plots/plot(51)__5-5-1-b.laz,5,5,17,Z65,Hi,1094
plot(52),plots/plot(52)__5-7-1-b.laz,5,7,23,Z65,Hi,1093
plot(53),plots/plot(53)__5-9-1-b.laz,5,9,20,Z65,Hi,1281.8
plot(54),plots/plot(54)__5-11-1-b.laz,5,11,4,Z65,Hi,1086.8
plot(55),plots/plot(55)__6-1-1-b.laz,6,1,17,Z65,Hi,1216.2
plot(56),plots/plot(56)__6-3-1-b.laz,6,3,18,Z65,Hi,1165.8
plot(57),plots/plot(57)__6-5-1-b.laz,6,5,26,Z65,Hi,1062.2
plot(58),plots/plot(58)__6-7-1-b.laz,6,7,9,Z65,Hi,1033.6
plot(59),plots/plot(59)__6-9-1-b.laz,6,9,1,Z65,Hi,1129.4
plot(60),plots/plot(60)__6-11-1-b.laz,6,11,3,Z65,Hi,1080.6
plot(61),plots/plot(61)__6-13-1-b.laz,6,13,22,Z65,Lo,1013.4
plot(62),plots/plot(62)__6-14-1-b.laz,6,14,25,Z65,Lo,945
plot(63),plots/plot(63)__6-15-1-b.laz,6,15,26,Z65,Lo,596.4
plot(64),plots/plot(64)__6-16-1-b.laz,6,16,8,Z65,Lo,725
plot(65),plots/plot(65)__6-17-1-b.laz,6,17,10,Z65,Lo,891.4
plot(66),plots/plot(66)__6-18-1-b.laz,6,18,3,Z65,Lo,635.2
plot(67),plots/plot(67)__7-1-1-b.laz,7,1,13,Z65,Hi,1152.4
plot(68),plots/plot(68)__7-3-1-b.laz,7,3,1,Z65,Hi,1204
plot(69),plots/plot(69)__7-5-1-b.laz,7,5,4,Z65,Hi,1114
plot(70),plots/plot(70)__7-7-1-b.laz,7,7,5,Z65,Hi,1041.2
plot(71),plots/plot(71)__7-9-1-b.laz,7,9,11,Z65,Hi,1173.6
plot(72),plots/plot(72)__7-11-1-b.laz,7,11,26,Z65,Hi,1274
plot(73),plots/plot(73)__7-13-1-b.laz,7,13,4,Z65,Lo,768.8
plot(74),plots/plot(74)__7-14-1-b.laz,7,14,19,Z65,Lo,936.4
plot(75),plots/plot(75)__7-15-1-b.laz,7,15,15,Z65,Lo,1048.2
plot(76),plots/plot(76)__7-16-1-b.laz,7,16,3,Z65,Lo,759.4
plot(77),plots/plot(77)__7-17-1-b.laz,7,17,22,Z65,Lo,1146.6
plot(78),plots/plot(78)__7-18-1-b.laz,7,18,7,Z65,Lo,945
plot(79),plots/plot(79)__8-1-1-b.laz,8,1,26,Z65,Hi,1102.8
plot(80),plots/plot(80)__8-3-1-b.laz,8,3,21,Z65,Hi,1240
plot(81),plots/plot(81)__8-5-1-b.laz,8,5,1,Z65,Hi,1072.4
plot(82),plots/plot(82)__8-7-1-b.laz,8,7,16,Z65,Hi,1233
plot(83),plots/plot(83)__8-9-1-b.laz,8,9,17,Z65,Hi,1175.6
plot(84),plots/plot(84)__8-11-1-b.laz,8,11,5,Z65,Hi,1099
plot(85),plots/plot(85)__8-13-1-b.laz,8,13,17,Z65,Lo,999.2
plot(86),plots/plot(86)__8-14-1-b.laz,8,14,3,Z65,Lo,842.8
plot(87),plots/plot(87)__8-15-1-b.laz,8,15,14,Z65,Lo,1023.4
plot(88),plots/plot(88)__8-16-1-b.laz,8,16,6,Z65,Lo,896.8
plot(89),plots/plot(89)__8-17-1-b.laz,8,17,15,Z65,Lo,1048.6
plot(90),plots/plot(90)__8-18-1-b.laz,8,18,25,Z65,Lo,1169.6
plot(91),plots/plot(91)__9-1-1-b.laz,9,1,20,Z65,Hi,1088.8
plot(92),plots/plot(92)__9-3-1-b.laz,9,3,5,Z65,Hi,1140.6
plot(93),plots/plot(93)__9-5-1-b.laz,9,5,8,Z65,Hi,1096.8
plot(94),plots/plot(94)__9-7-1-b.laz,9,7,13,Z65,Hi,1206.2
plot(95),plots/plot(95)__9-9-1-b.laz,9,9,25,Z65,Hi,1317.6
plot(96),plots/plot(96)__9-11-1-b.laz,9,11,18,Z65,Hi,1119.6
plot(97),plots/plot(97)__9-13-1-b.laz,9,13,7,Z65,Lo,636.8
plot(98),plots/plot(98)__9-14-1-b.laz,9,14,21,Z65,Lo,835.2
plot(99),plots/plot(99)__9-15-1-b.laz,9,15,1,Z65,Lo,712
plot(100),plots/plot(100)__9-16-1-b.laz,9,16,4,Z65,Lo,643
plot(101),plots/plot(101)__9-17-1-b.laz,9,17,8,Z65,Lo,722.2
plot(102),plots/plot(102)__9-18-1-b.laz,9,18,14,Z65,Lo,919.8
plot(103),plots/plot(103)__10-1-1-b.laz,10,1,14,Z65,Hi,1176.6
plot(104),plots/plot(104)__10-3-1-b.laz,10,3,25,Z65,Hi,1271.8
plot(105),plots/plot(105)__10-5-1-b.laz,10,5,20,Z65,Hi,1179.6
plot(106),plots/plot(106)__10-7-1-b.laz,10,7,10,Z65,Hi,1126
plot(107),plots/plot(107)__10-9-1-b.laz,10,9,6,Z65,Hi,1041.8
plot(108),plots/plot(108)__10-11-1-b.laz,10,11,13,Z65,Hi,1240.8
plot(109),plots/plot(109)__10-13-1-b.laz,10,13,20,Z65,Lo,1015.4
plot(110),plots/plot(110)__10-14-1-b.laz,10,14,16,Z65,Lo,886.6
plot(111),plots/plot(111)__10-15-1-b.laz,10,15,7,Z65,Lo,775.8
plot(112),plots/plot(112)__10-16-1-b.laz,10,16,11,Z65,Lo,958.4
plot(113),plots/plot(113)__10-17-1-b.laz,10,17,5,Z65,Lo,805.4
plot(114),plots/plot(114)__10-18-1-b.laz,10,18,19,Z65,Lo,1106.6
plot(115),plots/plot(115)__11-1-1-b.laz,11,1,15,Z65,Hi,1279.4
plot(116),plots/plot(116)__11-3-1-b.laz,11,3,4,Z65,Hi,1091.2
plot(117),plots/plot(117)__11-5-1-b.laz,11,5,12,Z65,Hi,1129
plot(118),plots/plot(118)__11-7-1-b.laz,11,7,14,Z65,Hi,1204.4
plot(119),plots/plot(119)__11-9-1-b.laz,11,9,24,Z65,Hi,1140.4
plot(120),plots/plot(120)__11-11-1-b.laz,11,11,9,Z65,Hi,1002.2
plot(121),plots/plot(121)__11-13-1-b.laz,11,13,5,Z65,Lo,797
plot(122),plots/plot(122)__11-14-1-b.laz,11,14,12,Z65,Lo,963.2
plot(123),plots/plot(123)__11-15-1-b.laz,11,15,9,Z65,Lo,915.8
plot(124),plots/plot(124)__11-16-1-b.laz,11,16,22,Z65,Lo,1117.8
plot(125),plots/plot(125)__11-17-1-b.laz,11,17,18,Z65,Lo,841.8
plot(126),plots/plot(126)__11-18-1-b.laz,11,18,24,Z65,Lo,1029.2
plot(127),plots/plot(127)__12-1-1-b.laz,12,1,23,Z65,Hi,1320.6
plot(128),plots/plot(128)__12-3-1-b.laz,12,3,2,Z65,Hi,1012.2
plot(129),plots/plot(129)__12-5-1-b.laz,12,5,3,Z65,Hi,1019
plot(130),plots/plot(130)__12-7-1-b.laz,12,7,11,Z65,Hi,1021.8
plot(131),plots/plot(131)__12-9-1-b.laz,12,9,12,Z65,Hi,1102.2
plot(132),plots/plot(132)__12-11-1-b.laz,12,11,7,Z65,Hi,1093.4
plot(133),plots/plot(133)__12-13-1-b.laz,12,13,9,Z65,Lo,902.2
plot(134),plots/plot(134)__12-14-1-b.laz,12,14,8,Z65,Lo,719.2
plot(135),plots/plot(135)__12-15-1-b.laz,12,15,16,Z65,Lo,922
plot(136),plots/plot(136)__12-16-1-b.laz,12,16,24,Z65,Lo,1037
plot(137),plots/plot(137)__12-17-1-b.laz,12,17,11,Z65,Lo,799.6
plot(138),plots/plot(138)__12-18-1-b.laz,12,18,2,Z65,Lo,941.4
plot(139),plots/plot(139)__13-1-1-b.laz,13,1,3,Z65,Hi,1133.2
plot(140),plots/plot(140)__13-3-1-b.laz,13,3,24,Z65,Hi,1078.6
plot(141),plots/plot(141)__13-5-1-b.laz,13,5,19,Z65,Hi,1215.2
plot(142),plots/plot(142)__13-7-1-b.laz,13,7,7,Z65,Hi,1106.2
plot(143),plots/plot(143)__13-9-1-b.laz,13,9,22,Z65,Hi,1056.2
plot(144),plots/plot(144)__13-11-1-b.laz,13,11,15,Z65,Hi,1177.2
plot(145),plots/plot(145)__13-13-1-b.laz,13,13,15,Z65,Lo,941.6
plot(146),plots/plot(146)__13-14-1-b.laz,13,14,13,Z65,Lo,568
plot(147),plots/plot(147)__13-15-1-b.laz,13,15,10,Z65,Lo,798.4
plot(148),plots/plot(148)__13-16-1-b.laz,13,16,23,Z65,Lo,1098.4
plot(149),plots/plot(149)__13-17-1-b.laz,13,17,26,Z65,Lo,853
plot(150),plots/plot(150)__13-18-1-b.laz,13,18,4,Z65,Lo,686
